<?xml version="1.0" encoding="UTF-8"?>
<project-private xmlns="http://www.netbeans.org/ns/project-private/1">
    <editor-bookmarks xmlns="http://www.netbeans.org/ns/editor-bookmarks/2" lastBookmarkId="0"/>
    <open-files xmlns="http://www.netbeans.org/ns/projectui-open-files/2">
        <group>
            <file>file:/home/pakels/DAM/PROG/PROG05/PROG05_Tarea/src/PROG05_Ejerc1/Vehiculo.java</file>
            <file>file:/home/pakels/DAM/PROG/PROG05/PROG05_Tarea/src/PROG05_Ejerc1/Principal.java</file>
            <file>file:/home/pakels/DAM/PROG/PROG05/PROG05_Tarea/src/PROG05_Ejerc1_util/Valida.java</file>
        </group>
    </open-files>
</project-private>
